Date,DowJones,NASDAQ,SP500
2022-02-28,33892.6015625,13751.400390625,4373.93994140625
2022-03-01,33294.94921875,13532.4599609375,4306.259765625
2022-03-02,33891.3515625,13752.01953125,4386.5400390625
2022-03-03,33794.66015625,13537.9404296875,4363.490234375
2022-03-04,33614.80078125,13313.4404296875,4328.8701171875
2022-03-07,32817.37890625,12830.9599609375,4201.08984375
2022-03-08,32632.640625,12795.5498046875,4170.7001953125
2022-03-09,33286.25,13255.5498046875,4277.8798828125
2022-03-10,33174.0703125,13129.9599609375,4259.52001953125
2022-03-11,32944.19140625,12843.8095703125,4204.31005859375
2022-03-14,32945.23828125,12581.2197265625,4173.10986328125
2022-03-15,33544.33984375,12948.6201171875,4262.4501953125
2022-03-16,34063.1015625,13436.5498046875,4357.85986328125
2022-03-17,34480.76171875,13614.7802734375,4411.669921875
2022-03-18,34754.9296875,13893.83984375,4463.1201171875
2022-03-21,34552.98828125,13838.4599609375,4461.18017578125
2022-03-22,34807.4609375,14108.8203125,4511.60986328125
2022-03-23,34358.5,13922.599609375,4456.240234375
2022-03-24,34707.94140625,14191.83984375,4520.16015625
2022-03-25,34861.23828125,14169.2998046875,4543.06005859375
2022-03-28,34955.890625,14354.900390625,4575.52001953125
2022-03-29,35294.19140625,14619.6396484375,4631.60009765625
2022-03-30,35228.80859375,14442.26953125,4602.4501953125
2022-03-31,34678.3515625,14220.51953125,4530.41015625
2022-04-01,34818.26953125,14261.5,4545.85986328125
2022-04-04,34921.87890625,14532.5498046875,4582.64013671875
2022-04-05,34641.1796875,14204.169921875,4525.1201171875
2022-04-06,34496.51171875,13888.8203125,4481.14990234375
2022-04-07,34583.5703125,13897.2998046875,4500.2099609375
2022-04-08,34721.12109375,13711.0,4488.27978515625
2022-04-11,34308.078125,13411.9599609375,4412.52978515625
2022-04-12,34220.359375,13371.5703125,4397.4501953125
2022-04-13,34564.58984375,13643.58984375,4446.58984375
2022-04-14,34451.23046875,13351.080078125,4392.58984375
2022-04-18,34411.69140625,13332.3603515625,4391.68994140625
2022-04-19,34911.19921875,13619.66015625,4462.2099609375
2022-04-20,35160.7890625,13453.0703125,4459.4501953125
2022-04-21,34792.76171875,13174.650390625,4393.66015625
2022-04-22,33811.3984375,12839.2900390625,4271.77978515625
2022-04-25,34049.4609375,13004.849609375,4296.1201171875
2022-04-26,33240.1796875,12490.740234375,4175.2001953125
2022-04-27,33301.9296875,12488.9296875,4183.9599609375
2022-04-28,33916.390625,12871.5302734375,4287.5
2022-04-29,32977.2109375,12334.6396484375,4131.93017578125
2022-05-02,33061.5,12536.01953125,4155.3798828125
2022-05-03,33128.7890625,12563.759765625,4175.47998046875
2022-05-04,34061.05859375,12964.8603515625,4300.169921875
2022-05-05,32997.96875,12317.6904296875,4146.8701171875
2022-05-06,32899.37109375,12144.66015625,4123.33984375
2022-05-09,32245.69921875,11623.25,3991.239990234375
2022-05-10,32160.740234375,11737.669921875,4001.050048828125
2022-05-11,31834.109375,11364.240234375,3935.179931640625
2022-05-12,31730.30078125,11370.9599609375,3930.080078125
2022-05-13,32196.66015625,11805.0,4023.889892578125
2022-05-16,32223.419921875,11662.7900390625,4008.010009765625
2022-05-17,32654.58984375,11984.51953125,4088.85009765625
2022-05-18,31490.0703125,11418.150390625,3923.679931640625
2022-05-19,31253.130859375,11388.5,3900.7900390625
2022-05-20,31261.900390625,11354.6201171875,3901.360107421875
2022-05-23,31880.240234375,11535.26953125,3973.75
2022-05-24,31928.619140625,11264.4501953125,3941.47998046875
2022-05-25,32120.279296875,11434.740234375,3978.72998046875
2022-05-26,32637.189453125,11740.650390625,4057.840087890625
2022-05-27,33212.9609375,12131.1298828125,4158.240234375
2022-05-31,32990.12109375,12081.3896484375,4132.14990234375
2022-06-01,32813.23046875,11994.4599609375,4101.22998046875
2022-06-02,33248.28125,12316.900390625,4176.81982421875
2022-06-03,32899.69921875,12012.73046875,4108.5400390625
2022-06-06,32915.78125,12061.3701171875,4121.43017578125
2022-06-07,33180.140625,12175.23046875,4160.68017578125
2022-06-08,32910.8984375,12086.26953125,4115.77001953125
2022-06-09,32272.7890625,11754.23046875,4017.820068359375
2022-06-10,31392.7890625,11340.01953125,3900.860107421875
2022-06-13,30516.740234375,10809.23046875,3749.6298828125
2022-06-14,30364.830078125,10828.349609375,3735.47998046875
2022-06-15,30668.529296875,11099.150390625,3789.989990234375
2022-06-16,29927.0703125,10646.099609375,3666.77001953125
2022-06-17,29888.779296875,10798.349609375,3674.840087890625
2022-06-21,30530.25,11069.2998046875,3764.7900390625
2022-06-22,30483.130859375,11053.080078125,3759.889892578125
2022-06-23,30677.359375,11232.1904296875,3795.72998046875
2022-06-24,31500.6796875,11607.6201171875,3911.739990234375
2022-06-27,31438.259765625,11524.5498046875,3900.110107421875
2022-06-28,30946.990234375,11181.5400390625,3821.550048828125
2022-06-29,31029.310546875,11177.8896484375,3818.830078125
2022-06-30,30775.4296875,11028.740234375,3785.3798828125
2022-07-01,31097.259765625,11127.849609375,3825.330078125
2022-07-05,30967.8203125,11322.240234375,3831.389892578125
2022-07-06,31037.6796875,11361.849609375,3845.080078125
2022-07-07,31384.55078125,11621.349609375,3902.6201171875
2022-07-08,31338.150390625,11635.3095703125,3899.3798828125
2022-07-11,31173.83984375,11372.599609375,3854.429931640625
2022-07-12,30981.330078125,11264.73046875,3818.800048828125
2022-07-13,30772.7890625,11247.580078125,3801.780029296875
2022-07-14,30630.169921875,11251.1904296875,3790.3798828125
2022-07-15,31288.259765625,11452.419921875,3863.159912109375
2022-07-18,31072.609375,11360.0498046875,3830.85009765625
2022-07-19,31827.05078125,11713.150390625,3936.68994140625
2022-07-20,31874.83984375,11897.650390625,3959.89990234375
2022-07-21,32036.900390625,12059.6103515625,3998.949951171875
2022-07-22,31899.2890625,11834.1103515625,3961.6298828125
2022-07-25,31990.0390625,11782.669921875,3966.840087890625
2022-07-26,31761.5390625,11562.5703125,3921.050048828125
2022-07-27,32197.58984375,12032.419921875,4023.610107421875
2022-07-28,32529.630859375,12162.58984375,4072.429931640625
2022-07-29,32845.12890625,12390.6904296875,4130.2900390625
2022-08-01,32798.3984375,12368.98046875,4118.6298828125
2022-08-02,32396.169921875,12348.759765625,4091.18994140625
2022-08-03,32812.5,12668.16015625,4155.169921875
2022-08-04,32726.8203125,12720.580078125,4151.93994140625
2022-08-05,32803.46875,12657.5498046875,4145.18994140625
2022-08-08,32832.5390625,12644.4599609375,4140.06005859375
2022-08-09,32774.41015625,12493.9296875,4122.47021484375
2022-08-10,33309.51171875,12854.7998046875,4210.240234375
2022-08-11,33336.671875,12779.91015625,4207.27001953125
2022-08-12,33761.05078125,13047.1904296875,4280.14990234375
2022-08-15,33912.44140625,13128.0498046875,4297.14013671875
2022-08-16,34152.01171875,13102.5498046875,4305.2001953125
2022-08-17,33980.3203125,12938.1201171875,4274.0400390625
2022-08-18,33999.0390625,12965.33984375,4283.740234375
2022-08-19,33706.73828125,12705.2197265625,4228.47998046875
2022-08-22,33063.609375,12381.5703125,4137.990234375
2022-08-23,32909.58984375,12381.2998046875,4128.72998046875
2022-08-24,32969.23046875,12431.5302734375,4140.77001953125
2022-08-25,33291.78125,12639.26953125,4199.1201171875
2022-08-26,32283.400390625,12141.7099609375,4057.659912109375
2022-08-29,32098.990234375,12017.669921875,4030.610107421875
2022-08-30,31790.869140625,11883.1396484375,3986.159912109375
2022-08-31,31510.4296875,11816.2001953125,3955.0
2022-09-01,31656.419921875,11785.1298828125,3966.85009765625
2022-09-02,31318.439453125,11630.8603515625,3924.260009765625
2022-09-06,31145.30078125,11544.91015625,3908.18994140625
2022-09-07,31581.279296875,11791.900390625,3979.8701171875
2022-09-08,31774.51953125,11862.1298828125,4006.179931640625
2022-09-09,32151.7109375,12112.3095703125,4067.360107421875
2022-09-12,32381.33984375,12266.41015625,4110.41015625
2022-09-13,31104.970703125,11633.5703125,3932.68994140625
2022-09-14,31135.08984375,11719.6796875,3946.010009765625
2022-09-15,30961.8203125,11552.3603515625,3901.35009765625
2022-09-16,30822.419921875,11448.400390625,3873.330078125
2022-09-19,31019.6796875,11535.01953125,3899.889892578125
2022-09-20,30706.23046875,11425.0498046875,3855.929931640625
2022-09-21,30183.779296875,11220.1904296875,3789.929931640625
2022-09-22,30076.6796875,11066.8095703125,3757.989990234375
2022-09-23,29590.41015625,10867.9296875,3693.22998046875
2022-09-26,29260.810546875,10802.919921875,3655.0400390625
2022-09-27,29134.990234375,10829.5,3647.2900390625
2022-09-28,29683.740234375,11051.6396484375,3719.0400390625
2022-09-29,29225.609375,10737.509765625,3640.469970703125
2022-09-30,28725.509765625,10575.6201171875,3585.6201171875
2022-10-03,29490.890625,10815.4296875,3678.429931640625
2022-10-04,30316.3203125,11176.41015625,3790.929931640625
2022-10-05,30273.869140625,11148.6396484375,3783.280029296875
2022-10-06,29926.939453125,11073.3095703125,3744.52001953125
2022-10-07,29296.7890625,10652.400390625,3639.659912109375
2022-10-10,29202.880859375,10542.099609375,3612.389892578125
2022-10-11,29239.189453125,10426.1904296875,3588.840087890625
2022-10-12,29210.849609375,10417.099609375,3577.030029296875
2022-10-13,30038.720703125,10649.150390625,3669.909912109375
2022-10-14,29634.830078125,10321.3896484375,3583.070068359375
2022-10-17,30185.8203125,10675.7998046875,3677.949951171875
2022-10-18,30523.80078125,10772.400390625,3719.97998046875
2022-10-19,30423.810546875,10680.509765625,3695.159912109375
2022-10-20,30333.58984375,10614.83984375,3665.780029296875
2022-10-21,31082.560546875,10859.7197265625,3752.75
2022-10-24,31499.619140625,10952.6103515625,3797.340087890625
2022-10-25,31836.740234375,11199.1201171875,3859.110107421875
2022-10-26,31839.109375,10970.990234375,3830.60009765625
2022-10-27,32033.279296875,10792.669921875,3807.300048828125
2022-10-28,32861.80078125,11102.4501953125,3901.06005859375
2022-10-31,32732.94921875,10988.150390625,3871.97998046875
2022-11-01,32653.19921875,10890.849609375,3856.10009765625
2022-11-02,32147.759765625,10524.7998046875,3759.68994140625
2022-11-03,32001.25,10342.9404296875,3719.889892578125
2022-11-04,32403.220703125,10475.25,3770.550048828125
2022-11-07,32827.0,10564.51953125,3806.800048828125
2022-11-08,33160.828125,10616.2001953125,3828.110107421875
2022-11-09,32513.939453125,10353.169921875,3748.570068359375
2022-11-10,33715.37109375,11114.150390625,3956.3701171875
2022-11-11,33747.859375,11323.330078125,3992.929931640625
2022-11-14,33536.69921875,11196.2197265625,3957.25
2022-11-15,33592.921875,11358.41015625,3991.72998046875
2022-11-16,33553.828125,11183.66015625,3958.7900390625
2022-11-17,33546.3203125,11144.9599609375,3946.56005859375
2022-11-18,33745.69140625,11146.0595703125,3965.340087890625
2022-11-21,33700.28125,11024.509765625,3949.93994140625
2022-11-22,34098.1015625,11174.41015625,4003.580078125
2022-11-23,34194.05859375,11285.3203125,4027.260009765625
2022-11-25,34347.03125,11226.3603515625,4026.1201171875
2022-11-28,33849.4609375,11049.5,3963.93994140625
2022-11-29,33852.53125,10983.7802734375,3957.6298828125
2022-11-30,34589.76953125,11468.0,4080.110107421875
2022-12-01,34395.01171875,11482.4501953125,4076.570068359375
2022-12-02,34429.87890625,11461.5,4071.699951171875
2022-12-05,33947.1015625,11239.9404296875,3998.840087890625
2022-12-06,33596.33984375,11014.8896484375,3941.260009765625
2022-12-07,33597.921875,10958.5498046875,3933.919921875
2022-12-08,33781.48046875,11082.0,3963.510009765625
2022-12-09,33476.4609375,11004.6201171875,3934.3798828125
2022-12-12,34005.0390625,11143.740234375,3990.56005859375
2022-12-13,34108.640625,11256.8095703125,4019.64990234375
2022-12-14,33966.3515625,11170.8896484375,3995.320068359375
2022-12-15,33202.21875,10810.5302734375,3895.75
2022-12-16,32920.4609375,10705.41015625,3852.360107421875
2022-12-19,32757.5390625,10546.0302734375,3817.659912109375
2022-12-20,32849.73828125,10547.1103515625,3821.6201171875
2022-12-21,33376.48046875,10709.3701171875,3878.43994140625
2022-12-22,33027.48828125,10476.1201171875,3822.389892578125
2022-12-23,33203.9296875,10497.8603515625,3844.820068359375
2022-12-27,33241.55859375,10353.23046875,3829.25
2022-12-28,32875.7109375,10213.2900390625,3783.219970703125
2022-12-29,33220.80078125,10478.08984375,3849.280029296875
2022-12-30,33147.25,10466.48046875,3839.5
2023-01-03,33136.37109375,10386.98046875,3824.139892578125
2023-01-04,33269.76953125,10458.759765625,3852.969970703125
2023-01-05,32930.078125,10305.240234375,3808.10009765625
2023-01-06,33630.609375,10569.2900390625,3895.080078125
2023-01-09,33517.6484375,10635.650390625,3892.090087890625
2023-01-10,33704.1015625,10742.6298828125,3919.25
2023-01-11,33973.01171875,10931.669921875,3969.610107421875
2023-01-12,34189.96875,11001.099609375,3983.169921875
2023-01-13,34302.609375,11079.16015625,3999.090087890625
2023-01-17,33910.8515625,11095.1103515625,3990.969970703125
2023-01-18,33296.9609375,10957.009765625,3928.860107421875
2023-01-19,33044.55859375,10852.26953125,3898.85009765625
2023-01-20,33375.48828125,11140.4296875,3972.610107421875
2023-01-23,33629.55859375,11364.41015625,4019.81005859375
2023-01-24,33733.9609375,11334.26953125,4016.949951171875
2023-01-25,33743.83984375,11313.3603515625,4016.219970703125
2023-01-26,33949.41015625,11512.41015625,4060.429931640625
2023-01-27,33978.078125,11621.7099609375,4070.56005859375
2023-01-30,33717.08984375,11393.8095703125,4017.77001953125
2023-01-31,34086.0390625,11584.5498046875,4076.60009765625
2023-02-01,34092.9609375,11816.3203125,4119.2099609375
2023-02-02,34053.94140625,12200.8203125,4179.759765625
2023-02-03,33926.01171875,12006.9501953125,4136.47998046875
2023-02-06,33891.01953125,11887.4501953125,4111.080078125
2023-02-07,34156.69140625,12113.7900390625,4164.0
2023-02-08,33949.01171875,11910.51953125,4117.85986328125
2023-02-09,33699.87890625,11789.580078125,4081.5
2023-02-10,33869.26953125,11718.1201171875,4090.4599609375
2023-02-13,34245.9296875,11891.7900390625,4137.2900390625
2023-02-14,34089.26953125,11960.150390625,4136.1298828125
2023-02-15,34128.05078125,12070.58984375,4147.60009765625
2023-02-16,33696.8515625,11855.830078125,4090.409912109375
2023-02-17,33826.69140625,11787.26953125,4079.090087890625
2023-02-21,33129.58984375,11492.2998046875,3997.340087890625
2023-02-22,33045.08984375,11507.0703125,3991.050048828125
2023-02-23,33153.91015625,11590.400390625,4012.320068359375
2023-02-24,32816.921875,11394.9404296875,3970.0400390625
2023-02-27,32889.08984375,11466.98046875,3982.239990234375
2023-02-28,32656.69921875,11455.5400390625,3970.14990234375
2023-03-01,32661.83984375,11379.48046875,3951.389892578125
2023-03-02,33003.5703125,11462.98046875,3981.35009765625
2023-03-03,33390.96875,11689.009765625,4045.639892578125
2023-03-06,33431.44140625,11675.740234375,4048.419921875
2023-03-07,32856.4609375,11530.330078125,3986.3701171875
2023-03-08,32798.3984375,11576.0,3992.010009765625
2023-03-09,32254.859375,11338.349609375,3918.320068359375
2023-03-10,31909.640625,11138.8896484375,3861.590087890625
2023-03-13,31819.140625,11188.83984375,3855.760009765625
2023-03-14,32155.400390625,11428.150390625,3919.2900390625
2023-03-15,31874.5703125,11434.0498046875,3891.929931640625
2023-03-16,32246.55078125,11717.2802734375,3960.280029296875
2023-03-17,31861.98046875,11630.509765625,3916.639892578125
2023-03-20,32244.580078125,11675.5400390625,3951.570068359375
2023-03-21,32560.599609375,11860.1103515625,4002.8701171875
2023-03-22,32030.109375,11669.9599609375,3936.969970703125
2023-03-23,32105.25,11787.400390625,3948.719970703125
2023-03-24,32237.529296875,11823.9599609375,3970.989990234375
2023-03-27,32432.080078125,11768.83984375,3977.530029296875
2023-03-28,32394.25,11716.080078125,3971.27001953125
2023-03-29,32717.599609375,11926.240234375,4027.81005859375
2023-03-30,32859.03125,12013.4697265625,4050.830078125
2023-03-31,33274.1484375,12221.91015625,4109.31005859375
2023-04-03,33601.1484375,12189.4501953125,4124.509765625
2023-04-04,33402.37890625,12126.330078125,4100.60009765625
2023-04-05,33482.71875,11996.8603515625,4090.3798828125
2023-04-06,33485.2890625,12087.9599609375,4105.02001953125
2023-04-10,33586.51953125,12084.3603515625,4109.10986328125
2023-04-11,33684.7890625,12031.8798828125,4108.93994140625
2023-04-12,33646.5,11929.33984375,4091.949951171875
2023-04-13,34029.69140625,12166.26953125,4146.22021484375
2023-04-14,33886.46875,12123.4697265625,4137.64013671875
2023-04-17,33987.1796875,12157.7197265625,4151.31982421875
2023-04-18,33976.62890625,12153.41015625,4154.8701171875
2023-04-19,33897.01171875,12157.23046875,4154.52001953125
2023-04-20,33786.62109375,12059.5595703125,4129.7900390625
2023-04-21,33808.9609375,12072.4599609375,4133.52001953125
2023-04-24,33875.3984375,12037.2001953125,4137.0400390625
2023-04-25,33530.828125,11799.16015625,4071.6298828125
2023-04-26,33301.87109375,11854.349609375,4055.989990234375
2023-04-27,33826.16015625,12142.240234375,4135.35009765625
2023-04-28,34098.16015625,12226.580078125,4169.47998046875
2023-05-01,34051.69921875,12212.599609375,4167.8701171875
2023-05-02,33684.53125,12080.509765625,4119.580078125
2023-05-03,33414.23828125,12025.330078125,4090.75
2023-05-04,33127.73828125,11966.400390625,4061.219970703125
2023-05-05,33674.37890625,12235.41015625,4136.25
2023-05-08,33618.69140625,12256.919921875,4138.1201171875
2023-05-09,33561.80859375,12179.5498046875,4119.169921875
2023-05-10,33531.328125,12306.4404296875,4137.64013671875
2023-05-11,33309.51171875,12328.509765625,4130.6201171875
2023-05-12,33300.62109375,12284.740234375,4124.080078125
2023-05-15,33348.6015625,12365.2099609375,4136.27978515625
2023-05-16,33012.140625,12343.0498046875,4109.89990234375
2023-05-17,33420.76953125,12500.5703125,4158.77001953125
2023-05-18,33535.91015625,12688.83984375,4198.0498046875
2023-05-19,33426.62890625,12657.900390625,4191.97998046875
2023-05-22,33286.578125,12720.7802734375,4192.6298828125
2023-05-23,33055.51171875,12560.25,4145.580078125
2023-05-24,32799.921875,12484.16015625,4115.240234375
2023-05-25,32764.650390625,12698.08984375,4151.27978515625
2023-05-26,33093.33984375,12975.6904296875,4205.4501953125
2023-05-30,33042.78125,13017.4296875,4205.52001953125
2023-05-31,32908.26953125,12935.2900390625,4179.830078125
2023-06-01,33061.5703125,13100.98046875,4221.02001953125
2023-06-02,33762.76171875,13240.76953125,4282.3701171875
2023-06-05,33562.859375,13229.4296875,4273.7900390625
2023-06-06,33573.28125,13276.419921875,4283.85009765625
2023-06-07,33665.01953125,13104.900390625,4267.52001953125
2023-06-08,33833.609375,13238.51953125,4293.93017578125
2023-06-09,33876.78125,13259.1396484375,4298.85986328125
2023-06-12,34066.328125,13461.919921875,4338.93017578125
2023-06-13,34212.12109375,13573.3203125,4369.009765625
2023-06-14,33979.328125,13626.48046875,4372.58984375
2023-06-15,34408.05859375,13782.8203125,4425.83984375
2023-06-16,34299.12109375,13689.5703125,4409.58984375
2023-06-20,34053.87109375,13667.2900390625,4388.7099609375
2023-06-21,33951.51953125,13502.2001953125,4365.68994140625
2023-06-22,33946.7109375,13630.6103515625,4381.89013671875
2023-06-23,33727.4296875,13492.51953125,4348.330078125
2023-06-26,33714.7109375,13335.7802734375,4328.81982421875
2023-06-27,33926.73828125,13555.669921875,4378.41015625
2023-06-28,33852.66015625,13591.75,4376.85986328125
2023-06-29,34122.421875,13591.330078125,4396.43994140625
2023-06-30,34407.6015625,13787.919921875,4450.3798828125
2023-07-03,34418.46875,13816.76953125,4455.58984375
2023-07-05,34288.640625,13791.650390625,4446.81982421875
2023-07-06,33922.26171875,13679.0400390625,4411.58984375
2023-07-07,33734.87890625,13660.7197265625,4398.9501953125
2023-07-10,33944.3984375,13685.48046875,4409.52978515625
2023-07-11,34261.421875,13760.7001953125,4439.259765625
2023-07-12,34347.4296875,13918.9599609375,4472.16015625
2023-07-13,34395.140625,14138.5703125,4510.0400390625
2023-07-14,34509.03125,14113.7001953125,4505.419921875
2023-07-17,34585.3515625,14244.9501953125,4522.7900390625
2023-07-18,34951.9296875,14353.6396484375,4554.97998046875
2023-07-19,35061.2109375,14358.01953125,4565.72021484375
2023-07-20,35225.1796875,14063.3095703125,4534.8701171875
2023-07-21,35227.69140625,14032.8095703125,4536.33984375
2023-07-24,35411.23828125,14058.8701171875,4554.64013671875
2023-07-25,35438.0703125,14144.5595703125,4567.4599609375
2023-07-26,35520.12109375,14127.2802734375,4566.75
2023-07-27,35282.71875,14050.1103515625,4537.41015625
2023-07-28,35459.2890625,14316.66015625,4582.22998046875
2023-07-31,35559.53125,14346.01953125,4588.9599609375
2023-08-01,35630.6796875,14283.91015625,4576.72998046875
2023-08-02,35282.51953125,13973.4501953125,4513.39013671875
2023-08-03,35215.890625,13959.7197265625,4501.89013671875
2023-08-04,35065.62109375,13909.240234375,4478.02978515625
2023-08-07,35473.12890625,13994.400390625,4518.43994140625
2023-08-08,35314.48828125,13884.3203125,4499.3798828125
2023-08-09,35123.359375,13722.01953125,4467.7099609375
2023-08-10,35176.1484375,13737.990234375,4468.830078125
2023-08-11,35281.3984375,13644.849609375,4464.0498046875
2023-08-14,35307.62890625,13788.330078125,4489.72021484375
2023-08-15,34946.390625,13631.0498046875,4437.85986328125
2023-08-16,34765.73828125,13474.6298828125,4404.330078125
2023-08-17,34474.828125,13316.9296875,4370.35986328125
2023-08-18,34500.66015625,13290.7802734375,4369.7099609375
2023-08-21,34463.69140625,13497.58984375,4399.77001953125
2023-08-22,34288.828125,13505.8701171875,4387.5498046875
2023-08-23,34472.98046875,13721.0302734375,4436.009765625
2023-08-24,34099.421875,13463.9697265625,4376.31005859375
2023-08-25,34346.8984375,13590.650390625,4405.7099609375
2023-08-28,34559.98046875,13705.1298828125,4433.31005859375
2023-08-29,34852.671875,13943.759765625,4497.6298828125
2023-08-30,34890.23828125,14019.3095703125,4514.8701171875
2023-08-31,34721.91015625,14034.9697265625,4507.66015625
2023-09-01,34837.7109375,14031.8095703125,4515.77001953125
2023-09-05,34641.96875,14020.9501953125,4496.830078125
2023-09-06,34443.19140625,13872.4697265625,4465.47998046875
2023-09-07,34500.73046875,13748.830078125,4451.14013671875
2023-09-08,34576.58984375,13761.5302734375,4457.490234375
2023-09-11,34663.71875,13917.8896484375,4487.4599609375
2023-09-12,34645.98828125,13773.6103515625,4461.89990234375
2023-09-13,34575.53125,13813.58984375,4467.43994140625
2023-09-14,34907.109375,13926.0498046875,4505.10009765625
2023-09-15,34618.23828125,13708.330078125,4450.31982421875
2023-09-18,34624.30078125,13710.240234375,4453.52978515625
2023-09-19,34517.73046875,13678.1904296875,4443.9501953125
2023-09-20,34440.87890625,13469.1298828125,4402.2001953125
2023-09-21,34070.421875,13223.98046875,4330.0
2023-09-22,33963.83984375,13211.8095703125,4320.06005859375
2023-09-25,34006.87890625,13271.3203125,4337.43994140625
2023-09-26,33618.87890625,13063.6103515625,4273.52978515625
2023-09-27,33550.26953125,13092.849609375,4274.509765625
2023-09-28,33666.33984375,13201.2802734375,4299.7001953125
2023-09-29,33507.5,13219.3203125,4288.0498046875
2023-10-02,33433.3515625,13307.76953125,4288.39013671875
2023-10-03,33002.37890625,13059.4697265625,4229.4501953125
2023-10-04,33129.55078125,13236.009765625,4263.75
2023-10-05,33119.5703125,13219.830078125,4258.18994140625
2023-10-06,33407.578125,13431.33984375,4308.5
2023-10-09,33604.6484375,13484.240234375,4335.66015625
2023-10-10,33739.30078125,13562.83984375,4358.240234375
2023-10-11,33804.87109375,13659.6796875,4376.9501953125
2023-10-12,33631.140625,13574.2197265625,4349.60986328125
2023-10-13,33670.2890625,13407.23046875,4327.77978515625
2023-10-16,33984.5390625,13567.98046875,4373.6298828125
2023-10-17,33997.6484375,13533.75,4373.2001953125
2023-10-18,33665.078125,13314.2998046875,4314.60009765625
2023-10-19,33414.171875,13186.1796875,4278.0
2023-10-20,33127.28125,12983.8095703125,4224.16015625
2023-10-23,32936.41015625,13018.330078125,4217.0400390625
2023-10-24,33141.37890625,13139.8701171875,4247.68017578125
2023-10-25,33035.9296875,12821.2197265625,4186.77001953125
2023-10-26,32784.30078125,12595.6103515625,4137.22998046875
2023-10-27,32417.58984375,12643.009765625,4117.3701171875
2023-10-30,32928.9609375,12789.48046875,4166.81982421875
2023-10-31,33052.87109375,12851.240234375,4193.7998046875
2023-11-01,33274.578125,13061.4697265625,4237.85986328125
2023-11-02,33839.078125,13294.1904296875,4317.77978515625
2023-11-03,34061.3203125,13478.2802734375,4358.33984375
2023-11-06,34095.859375,13518.7802734375,4365.97998046875
2023-11-07,34152.6015625,13639.8603515625,4378.3798828125
2023-11-08,34112.26953125,13650.41015625,4382.77978515625
2023-11-09,33891.94140625,13521.4501953125,4347.35009765625
2023-11-10,34283.1015625,13798.1103515625,4415.240234375
2023-11-13,34337.87109375,13767.740234375,4411.5498046875
2023-11-14,34827.69921875,14094.3798828125,4495.7001953125
2023-11-15,34991.2109375,14103.83984375,4502.8798828125
2023-11-16,34945.46875,14113.669921875,4508.240234375
2023-11-17,34947.28125,14125.48046875,4514.02001953125
2023-11-20,35151.0390625,14284.5302734375,4547.3798828125
2023-11-21,35088.2890625,14199.98046875,4538.18994140625
2023-11-22,35273.03125,14265.8603515625,4556.6201171875
2023-11-24,35390.1484375,14250.849609375,4559.33984375
2023-11-27,35333.46875,14241.01953125,4550.43017578125
2023-11-28,35416.98046875,14281.759765625,4554.89013671875
2023-11-29,35430.421875,14258.490234375,4550.580078125
2023-11-30,35950.890625,14226.2197265625,4567.7998046875
2023-12-01,36245.5,14305.0302734375,4594.6298828125
2023-12-04,36204.44140625,14185.490234375,4569.77978515625
2023-12-05,36124.55859375,14229.91015625,4567.18017578125
2023-12-06,36054.4296875,14146.7099609375,4549.33984375
2023-12-07,36117.37890625,14339.990234375,4585.58984375
2023-12-08,36247.87109375,14403.9697265625,4604.3701171875
2023-12-11,36404.9296875,14432.490234375,4622.43994140625
2023-12-12,36577.94140625,14533.400390625,4643.7001953125
2023-12-13,37090.23828125,14733.9599609375,4707.08984375
2023-12-14,37248.3515625,14761.5595703125,4719.5498046875
2023-12-15,37305.16015625,14813.919921875,4719.18994140625
2023-12-18,37306.01953125,14904.8095703125,4740.56005859375
2023-12-19,37557.921875,15003.2197265625,4768.3701171875
2023-12-20,37082.0,14777.9404296875,4698.35009765625
2023-12-21,37404.3515625,14963.8701171875,4746.75
2023-12-22,37385.96875,14992.9697265625,4754.6298828125
2023-12-26,37545.328125,15074.5703125,4774.75
2023-12-27,37656.51953125,15099.1796875,4781.580078125
2023-12-28,37710.1015625,15095.1396484375,4783.35009765625
2023-12-29,37689.5390625,15011.349609375,4769.830078125
2024-01-02,37715.0390625,14765.9404296875,4742.830078125
2024-01-03,37430.19140625,14592.2099609375,4704.81005859375
2024-01-04,37440.33984375,14510.2998046875,4688.68017578125
2024-01-05,37466.109375,14524.0703125,4697.240234375
2024-01-08,37683.01171875,14843.76953125,4763.5400390625
2024-01-09,37525.16015625,14857.7099609375,4756.5
2024-01-10,37695.73046875,14969.650390625,4783.4501953125
2024-01-11,37711.01953125,14970.1904296875,4780.240234375
2024-01-12,37592.98046875,14972.759765625,4783.830078125
2024-01-16,37361.12109375,14944.349609375,4765.97998046875
2024-01-17,37266.671875,14855.6201171875,4739.2099609375
2024-01-18,37468.609375,15055.650390625,4780.93994140625
2024-01-19,37863.80078125,15310.9697265625,4839.81005859375
2024-01-22,38001.80859375,15360.2900390625,4850.43017578125
2024-01-23,37905.44921875,15425.9404296875,4864.60009765625
2024-01-24,37806.390625,15481.919921875,4868.5498046875
2024-01-25,38049.12890625,15510.5,4894.16015625
2024-01-26,38109.4296875,15455.3603515625,4890.97021484375
2024-01-29,38333.44921875,15628.0400390625,4927.93017578125
2024-01-30,38467.30859375,15509.900390625,4924.97021484375
2024-01-31,38150.30078125,15164.009765625,4845.64990234375
2024-02-01,38519.83984375,15361.6396484375,4906.18994140625
2024-02-02,38654.421875,15628.9501953125,4958.60986328125
2024-02-05,38380.12109375,15597.6796875,4942.81005859375
2024-02-06,38521.359375,15609.0,4954.22998046875
2024-02-07,38677.359375,15756.6396484375,4995.06005859375
2024-02-08,38726.328125,15793.7099609375,4997.91015625
2024-02-09,38671.69140625,15990.66015625,5026.60986328125
2024-02-12,38797.37890625,15942.5498046875,5021.83984375
2024-02-13,38272.75,15655.599609375,4953.169921875
2024-02-14,38424.26953125,15859.150390625,5000.6201171875
2024-02-15,38773.12109375,15906.169921875,5029.72998046875
2024-02-16,38627.98828125,15775.650390625,5005.56982421875
2024-02-20,38563.80078125,15630.7802734375,4975.509765625
2024-02-21,38612.23828125,15580.8701171875,4981.7998046875
2024-02-22,39069.109375,16041.6201171875,5087.02978515625
2024-02-23,39131.53125,15996.8203125,5088.7998046875
2024-02-26,39069.23046875,15976.25,5069.52978515625
